average_accuracy_vl,sd_accuracy_vl,average_tr_error_best_vl,network_topology,activation_hidden,weight_init,regularization,momentum,learning_rate
1.1171140323,0.0694515647,0.9570757352,"{'layer_sizes': (10, 70, 30, 2), 'act_hidden': 'sigmoid', 'act_out': 'id', 'w_init': 'xavier', 'loss': 'mse', 'metric': 'mee', 'optimizer': {'type_init': 'sgd', 'ETA': 0.07500000000000001, 'ALPHA': 0.6, 'weight_regularizer': {'type_init': 'tikonov', 'LAMBDA': 0.0}}, 'batch_size': 32, 'epochs': 500, 'input_size': 10}"
1.1178889893,0.0705553399,0.9401030102,"{'layer_sizes': (10, 70, 30, 2), 'act_hidden': 'sigmoid', 'act_out': 'id', 'w_init': 'xavier', 'loss': 'mse', 'metric': 'mee', 'optimizer': {'type_init': 'sgd', 'ETA': 0.0625, 'ALPHA': 0.7, 'weight_regularizer': {'type_init': 'tikonov', 'LAMBDA': 5.625e-05}}, 'batch_size': 32, 'epochs': 500, 'input_size': 10}"
1.1185251975,0.0734567708,0.9537248091,"{'layer_sizes': (10, 70, 30, 2), 'act_hidden': 'sigmoid', 'act_out': 'id', 'w_init': 'xavier', 'loss': 'mse', 'metric': 'mee', 'optimizer': {'type_init': 'sgd', 'ETA': 0.0625, 'ALPHA': 0.7, 'weight_regularizer': {'type_init': 'tikonov', 'LAMBDA': 1.875e-05}}, 'batch_size': 32, 'epochs': 500, 'input_size': 10}"
1.1222102019,0.0721363804,0.9532054647,"{'layer_sizes': (10, 70, 30, 2), 'act_hidden': 'sigmoid', 'act_out': 'id', 'w_init': 'xavier', 'loss': 'mse', 'metric': 'mee', 'optimizer': {'type_init': 'sgd', 'ETA': 0.0625, 'ALPHA': 0.7, 'weight_regularizer': {'type_init': 'tikonov', 'LAMBDA': 3.75e-05}}, 'batch_size': 32, 'epochs': 500, 'input_size': 10}"
1.1248595941,0.0727020546,0.9338239494,"{'layer_sizes': (10, 70, 30, 2), 'act_hidden': 'sigmoid', 'act_out': 'id', 'w_init': 'xavier', 'loss': 'mse', 'metric': 'mee', 'optimizer': {'type_init': 'sgd', 'ETA': 0.07500000000000001, 'ALPHA': 0.7, 'weight_regularizer': {'type_init': 'tikonov', 'LAMBDA': 1.875e-05}}, 'batch_size': 32, 'epochs': 500, 'input_size': 10}"
1.1254713318,0.0724657937,0.9463697751,"{'layer_sizes': (10, 70, 30, 2), 'act_hidden': 'sigmoid', 'act_out': 'id', 'w_init': 'xavier', 'loss': 'mse', 'metric': 'mee', 'optimizer': {'type_init': 'sgd', 'ETA': 0.05, 'ALPHA': 0.8, 'weight_regularizer': {'type_init': 'tikonov', 'LAMBDA': 5.625e-05}}, 'batch_size': 32, 'epochs': 500, 'input_size': 10}"
1.1271841183,0.0703323507,0.9331872754,"{'layer_sizes': (10, 70, 30, 2), 'act_hidden': 'sigmoid', 'act_out': 'id', 'w_init': 'xavier', 'loss': 'mse', 'metric': 'mee', 'optimizer': {'type_init': 'sgd', 'ETA': 0.07500000000000001, 'ALPHA': 0.7, 'weight_regularizer': {'type_init': 'tikonov', 'LAMBDA': 7.5e-05}}, 'batch_size': 32, 'epochs': 500, 'input_size': 10}"
1.1291427865,0.0764759818,0.9361297288,"{'layer_sizes': (10, 70, 30, 2), 'act_hidden': 'sigmoid', 'act_out': 'id', 'w_init': 'xavier', 'loss': 'mse', 'metric': 'mee', 'optimizer': {'type_init': 'sgd', 'ETA': 0.05, 'ALPHA': 0.8, 'weight_regularizer': {'type_init': 'tikonov', 'LAMBDA': 1.875e-05}}, 'batch_size': 32, 'epochs': 500, 'input_size': 10}"
1.1295974572,0.066906978,0.9669284603,"{'layer_sizes': (10, 70, 30, 2), 'act_hidden': 'sigmoid', 'act_out': 'id', 'w_init': 'xavier', 'loss': 'mse', 'metric': 'mee', 'optimizer': {'type_init': 'sgd', 'ETA': 0.07500000000000001, 'ALPHA': 0.5, 'weight_regularizer': {'type_init': 'tikonov', 'LAMBDA': 0.0}}, 'batch_size': 32, 'epochs': 500, 'input_size': 10}"
1.1308157539,0.0654027849,0.9660286883,"{'layer_sizes': (10, 70, 30, 2), 'act_hidden': 'sigmoid', 'act_out': 'id', 'w_init': 'xavier', 'loss': 'mse', 'metric': 'mee', 'optimizer': {'type_init': 'sgd', 'ETA': 0.0625, 'ALPHA': 0.6, 'weight_regularizer': {'type_init': 'tikonov', 'LAMBDA': 5.625e-05}}, 'batch_size': 32, 'epochs': 500, 'input_size': 10}"
1.1328500088,0.0748674128,0.9582005361,"{'layer_sizes': (10, 70, 30, 2), 'act_hidden': 'sigmoid', 'act_out': 'id', 'w_init': 'xavier', 'loss': 'mse', 'metric': 'mee', 'optimizer': {'type_init': 'sgd', 'ETA': 0.07500000000000001, 'ALPHA': 0.6, 'weight_regularizer': {'type_init': 'tikonov', 'LAMBDA': 7.5e-05}}, 'batch_size': 32, 'epochs': 500, 'input_size': 10}"
1.1339468868,0.0774399524,0.9413089985,"{'layer_sizes': (10, 70, 30, 2), 'act_hidden': 'sigmoid', 'act_out': 'id', 'w_init': 'xavier', 'loss': 'mse', 'metric': 'mee', 'optimizer': {'type_init': 'sgd', 'ETA': 0.0625, 'ALPHA': 0.8, 'weight_regularizer': {'type_init': 'tikonov', 'LAMBDA': 3.75e-05}}, 'batch_size': 32, 'epochs': 500, 'input_size': 10}"
1.1370725893,0.070799118,0.93085989,"{'layer_sizes': (10, 70, 30, 2), 'act_hidden': 'sigmoid', 'act_out': 'id', 'w_init': 'xavier', 'loss': 'mse', 'metric': 'mee', 'optimizer': {'type_init': 'sgd', 'ETA': 0.07500000000000001, 'ALPHA': 0.8, 'weight_regularizer': {'type_init': 'tikonov', 'LAMBDA': 1.875e-05}}, 'batch_size': 32, 'epochs': 500, 'input_size': 10}"
1.1373442445,0.0634098073,0.9784499596,"{'layer_sizes': (10, 70, 30, 2), 'act_hidden': 'sigmoid', 'act_out': 'id', 'w_init': 'xavier', 'loss': 'mse', 'metric': 'mee', 'optimizer': {'type_init': 'sgd', 'ETA': 0.07500000000000001, 'ALPHA': 0.5, 'weight_regularizer': {'type_init': 'tikonov', 'LAMBDA': 3.75e-05}}, 'batch_size': 32, 'epochs': 500, 'input_size': 10}"
1.1376699541,0.0688569788,0.9815325695,"{'layer_sizes': (10, 70, 30, 2), 'act_hidden': 'sigmoid', 'act_out': 'id', 'w_init': 'xavier', 'loss': 'mse', 'metric': 'mee', 'optimizer': {'type_init': 'sgd', 'ETA': 0.0625, 'ALPHA': 0.5, 'weight_regularizer': {'type_init': 'tikonov', 'LAMBDA': 3.75e-05}}, 'batch_size': 32, 'epochs': 500, 'input_size': 10}"
1.1377654279,0.0733965167,0.9341058788,"{'layer_sizes': (10, 70, 30, 2), 'act_hidden': 'sigmoid', 'act_out': 'id', 'w_init': 'xavier', 'loss': 'mse', 'metric': 'mee', 'optimizer': {'type_init': 'sgd', 'ETA': 0.0625, 'ALPHA': 0.8, 'weight_regularizer': {'type_init': 'tikonov', 'LAMBDA': 1.875e-05}}, 'batch_size': 32, 'epochs': 500, 'input_size': 10}"
1.1379967305,0.0661869328,0.983020359,"{'layer_sizes': (10, 70, 30, 2), 'act_hidden': 'sigmoid', 'act_out': 'id', 'w_init': 'xavier', 'loss': 'mse', 'metric': 'mee', 'optimizer': {'type_init': 'sgd', 'ETA': 0.0625, 'ALPHA': 0.5, 'weight_regularizer': {'type_init': 'tikonov', 'LAMBDA': 0.0}}, 'batch_size': 32, 'epochs': 500, 'input_size': 10}"
1.1393879649,0.0598636117,0.9809308856,"{'layer_sizes': (10, 70, 30, 2), 'act_hidden': 'sigmoid', 'act_out': 'id', 'w_init': 'xavier', 'loss': 'mse', 'metric': 'mee', 'optimizer': {'type_init': 'sgd', 'ETA': 0.0625, 'ALPHA': 0.5, 'weight_regularizer': {'type_init': 'tikonov', 'LAMBDA': 1.875e-05}}, 'batch_size': 32, 'epochs': 500, 'input_size': 10}"
1.1401433505,0.073238933,0.9689933513,"{'layer_sizes': (10, 70, 30, 2), 'act_hidden': 'sigmoid', 'act_out': 'id', 'w_init': 'xavier', 'loss': 'mse', 'metric': 'mee', 'optimizer': {'type_init': 'sgd', 'ETA': 0.07500000000000001, 'ALPHA': 0.6, 'weight_regularizer': {'type_init': 'tikonov', 'LAMBDA': 1.875e-05}}, 'batch_size': 32, 'epochs': 500, 'input_size': 10}"
1.1408532466,0.065402099,0.9739393516,"{'layer_sizes': (10, 70, 30, 2), 'act_hidden': 'sigmoid', 'act_out': 'id', 'w_init': 'xavier', 'loss': 'mse', 'metric': 'mee', 'optimizer': {'type_init': 'sgd', 'ETA': 0.0625, 'ALPHA': 0.6, 'weight_regularizer': {'type_init': 'tikonov', 'LAMBDA': 1.875e-05}}, 'batch_size': 32, 'epochs': 500, 'input_size': 10}"
1.1418264109,0.0571451195,0.9825307693,"{'layer_sizes': (10, 70, 30, 2), 'act_hidden': 'sigmoid', 'act_out': 'id', 'w_init': 'xavier', 'loss': 'mse', 'metric': 'mee', 'optimizer': {'type_init': 'sgd', 'ETA': 0.07500000000000001, 'ALPHA': 0.5, 'weight_regularizer': {'type_init': 'tikonov', 'LAMBDA': 5.625e-05}}, 'batch_size': 32, 'epochs': 500, 'input_size': 10}"
1.1422884827,0.0744420191,0.967509283,"{'layer_sizes': (10, 70, 30, 2), 'act_hidden': 'sigmoid', 'act_out': 'id', 'w_init': 'xavier', 'loss': 'mse', 'metric': 'mee', 'optimizer': {'type_init': 'sgd', 'ETA': 0.05, 'ALPHA': 0.7, 'weight_regularizer': {'type_init': 'tikonov', 'LAMBDA': 3.75e-05}}, 'batch_size': 32, 'epochs': 500, 'input_size': 10}"
1.1430310047,0.0659472416,0.9562059775,"{'layer_sizes': (10, 70, 30, 2), 'act_hidden': 'sigmoid', 'act_out': 'id', 'w_init': 'xavier', 'loss': 'mse', 'metric': 'mee', 'optimizer': {'type_init': 'sgd', 'ETA': 0.05, 'ALPHA': 0.8, 'weight_regularizer': {'type_init': 'tikonov', 'LAMBDA': 0.0}}, 'batch_size': 32, 'epochs': 500, 'input_size': 10}"
1.1433495864,0.069501635,0.9875818795,"{'layer_sizes': (10, 70, 30, 2), 'act_hidden': 'sigmoid', 'act_out': 'id', 'w_init': 'xavier', 'loss': 'mse', 'metric': 'mee', 'optimizer': {'type_init': 'sgd', 'ETA': 0.0625, 'ALPHA': 0.5, 'weight_regularizer': {'type_init': 'tikonov', 'LAMBDA': 5.625e-05}}, 'batch_size': 32, 'epochs': 500, 'input_size': 10}"
1.1434268822,0.0795740992,0.9774701149,"{'layer_sizes': (10, 70, 30, 2), 'act_hidden': 'sigmoid', 'act_out': 'id', 'w_init': 'xavier', 'loss': 'mse', 'metric': 'mee', 'optimizer': {'type_init': 'sgd', 'ETA': 0.0625, 'ALPHA': 0.6, 'weight_regularizer': {'type_init': 'tikonov', 'LAMBDA': 7.5e-05}}, 'batch_size': 32, 'epochs': 500, 'input_size': 10}"
1.1440679125,0.1034438805,0.9534282279,"{'layer_sizes': (10, 70, 30, 2), 'act_hidden': 'sigmoid', 'act_out': 'id', 'w_init': 'xavier', 'loss': 'mse', 'metric': 'mee', 'optimizer': {'type_init': 'sgd', 'ETA': 0.0625, 'ALPHA': 0.8, 'weight_regularizer': {'type_init': 'tikonov', 'LAMBDA': 0.0}}, 'batch_size': 32, 'epochs': 500, 'input_size': 10}"
1.1464158095,0.0754089888,0.9523720372,"{'layer_sizes': (10, 70, 30, 2), 'act_hidden': 'sigmoid', 'act_out': 'id', 'w_init': 'xavier', 'loss': 'mse', 'metric': 'mee', 'optimizer': {'type_init': 'sgd', 'ETA': 0.0625, 'ALPHA': 0.8, 'weight_regularizer': {'type_init': 'tikonov', 'LAMBDA': 7.5e-05}}, 'batch_size': 32, 'epochs': 500, 'input_size': 10}"
1.1464329631,0.0676147366,0.9757916506,"{'layer_sizes': (10, 70, 30, 2), 'act_hidden': 'sigmoid', 'act_out': 'id', 'w_init': 'xavier', 'loss': 'mse', 'metric': 'mee', 'optimizer': {'type_init': 'sgd', 'ETA': 0.05, 'ALPHA': 0.7, 'weight_regularizer': {'type_init': 'tikonov', 'LAMBDA': 0.0}}, 'batch_size': 32, 'epochs': 500, 'input_size': 10}"
1.1488213486,0.080334056,0.9812959459,"{'layer_sizes': (10, 70, 30, 2), 'act_hidden': 'sigmoid', 'act_out': 'id', 'w_init': 'xavier', 'loss': 'mse', 'metric': 'mee', 'optimizer': {'type_init': 'sgd', 'ETA': 0.0625, 'ALPHA': 0.6, 'weight_regularizer': {'type_init': 'tikonov', 'LAMBDA': 3.75e-05}}, 'batch_size': 32, 'epochs': 500, 'input_size': 10}"
1.1493443279,0.0529517486,0.9858870125,"{'layer_sizes': (10, 70, 30, 2), 'act_hidden': 'sigmoid', 'act_out': 'id', 'w_init': 'xavier', 'loss': 'mse', 'metric': 'mee', 'optimizer': {'type_init': 'sgd', 'ETA': 0.07500000000000001, 'ALPHA': 0.6, 'weight_regularizer': {'type_init': 'tikonov', 'LAMBDA': 3.75e-05}}, 'batch_size': 32, 'epochs': 500, 'input_size': 10}"
1.1497623703,0.0735907276,0.9967303197,"{'layer_sizes': (10, 70, 30, 2), 'act_hidden': 'sigmoid', 'act_out': 'id', 'w_init': 'xavier', 'loss': 'mse', 'metric': 'mee', 'optimizer': {'type_init': 'sgd', 'ETA': 0.05, 'ALPHA': 0.6, 'weight_regularizer': {'type_init': 'tikonov', 'LAMBDA': 3.75e-05}}, 'batch_size': 32, 'epochs': 500, 'input_size': 10}"
1.1501749055,0.0470002917,0.9842352265,"{'layer_sizes': (10, 70, 30, 2), 'act_hidden': 'sigmoid', 'act_out': 'id', 'w_init': 'xavier', 'loss': 'mse', 'metric': 'mee', 'optimizer': {'type_init': 'sgd', 'ETA': 0.05, 'ALPHA': 0.7, 'weight_regularizer': {'type_init': 'tikonov', 'LAMBDA': 5.625e-05}}, 'batch_size': 32, 'epochs': 500, 'input_size': 10}"
1.1502716526,0.1000514567,0.9657903936,"{'layer_sizes': (10, 70, 30, 2), 'act_hidden': 'sigmoid', 'act_out': 'id', 'w_init': 'xavier', 'loss': 'mse', 'metric': 'mee', 'optimizer': {'type_init': 'sgd', 'ETA': 0.05, 'ALPHA': 0.8, 'weight_regularizer': {'type_init': 'tikonov', 'LAMBDA': 7.5e-05}}, 'batch_size': 32, 'epochs': 500, 'input_size': 10}"
1.1531113021,0.0702917828,0.9864334112,"{'layer_sizes': (10, 70, 30, 2), 'act_hidden': 'sigmoid', 'act_out': 'id', 'w_init': 'xavier', 'loss': 'mse', 'metric': 'mee', 'optimizer': {'type_init': 'sgd', 'ETA': 0.07500000000000001, 'ALPHA': 0.6, 'weight_regularizer': {'type_init': 'tikonov', 'LAMBDA': 5.625e-05}}, 'batch_size': 32, 'epochs': 500, 'input_size': 10}"
1.1553659937,0.0724559497,0.9998709685,"{'layer_sizes': (10, 70, 30, 2), 'act_hidden': 'sigmoid', 'act_out': 'id', 'w_init': 'xavier', 'loss': 'mse', 'metric': 'mee', 'optimizer': {'type_init': 'sgd', 'ETA': 0.05, 'ALPHA': 0.6, 'weight_regularizer': {'type_init': 'tikonov', 'LAMBDA': 1.875e-05}}, 'batch_size': 32, 'epochs': 500, 'input_size': 10}"
1.1554577905,0.0563353622,0.9956433885,"{'layer_sizes': (10, 70, 30, 2), 'act_hidden': 'sigmoid', 'act_out': 'id', 'w_init': 'xavier', 'loss': 'mse', 'metric': 'mee', 'optimizer': {'type_init': 'sgd', 'ETA': 0.05, 'ALPHA': 0.7, 'weight_regularizer': {'type_init': 'tikonov', 'LAMBDA': 1.875e-05}}, 'batch_size': 32, 'epochs': 500, 'input_size': 10}"
1.155537498,0.0710640691,0.9946177198,"{'layer_sizes': (10, 70, 30, 2), 'act_hidden': 'sigmoid', 'act_out': 'id', 'w_init': 'xavier', 'loss': 'mse', 'metric': 'mee', 'optimizer': {'type_init': 'sgd', 'ETA': 0.07500000000000001, 'ALPHA': 0.5, 'weight_regularizer': {'type_init': 'tikonov', 'LAMBDA': 7.5e-05}}, 'batch_size': 32, 'epochs': 500, 'input_size': 10}"
1.1567674516,0.0809101501,0.9974430047,"{'layer_sizes': (10, 70, 30, 2), 'act_hidden': 'sigmoid', 'act_out': 'id', 'w_init': 'xavier', 'loss': 'mse', 'metric': 'mee', 'optimizer': {'type_init': 'sgd', 'ETA': 0.05, 'ALPHA': 0.6, 'weight_regularizer': {'type_init': 'tikonov', 'LAMBDA': 7.5e-05}}, 'batch_size': 32, 'epochs': 500, 'input_size': 10}"
1.1574511188,0.0685163133,1.0163436216,"{'layer_sizes': (10, 70, 30, 2), 'act_hidden': 'sigmoid', 'act_out': 'id', 'w_init': 'xavier', 'loss': 'mse', 'metric': 'mee', 'optimizer': {'type_init': 'sgd', 'ETA': 0.05, 'ALPHA': 0.5, 'weight_regularizer': {'type_init': 'tikonov', 'LAMBDA': 3.75e-05}}, 'batch_size': 32, 'epochs': 500, 'input_size': 10}"
1.1601957726,0.0579986106,0.997758721,"{'layer_sizes': (10, 70, 30, 2), 'act_hidden': 'sigmoid', 'act_out': 'id', 'w_init': 'xavier', 'loss': 'mse', 'metric': 'mee', 'optimizer': {'type_init': 'sgd', 'ETA': 0.07500000000000001, 'ALPHA': 0.5, 'weight_regularizer': {'type_init': 'tikonov', 'LAMBDA': 1.875e-05}}, 'batch_size': 32, 'epochs': 500, 'input_size': 10}"
1.161855491,0.0739045751,1.0173642853,"{'layer_sizes': (10, 70, 30, 2), 'act_hidden': 'sigmoid', 'act_out': 'id', 'w_init': 'xavier', 'loss': 'mse', 'metric': 'mee', 'optimizer': {'type_init': 'sgd', 'ETA': 0.05, 'ALPHA': 0.5, 'weight_regularizer': {'type_init': 'tikonov', 'LAMBDA': 1.875e-05}}, 'batch_size': 32, 'epochs': 500, 'input_size': 10}"
1.1619982118,0.0785521368,0.969910683,"{'layer_sizes': (10, 70, 30, 2), 'act_hidden': 'sigmoid', 'act_out': 'id', 'w_init': 'xavier', 'loss': 'mse', 'metric': 'mee', 'optimizer': {'type_init': 'sgd', 'ETA': 0.08750000000000001, 'ALPHA': 0.7, 'weight_regularizer': {'type_init': 'tikonov', 'LAMBDA': 0.0}}, 'batch_size': 32, 'epochs': 500, 'input_size': 10}"
1.162660822,0.1187503523,0.97733541,"{'layer_sizes': (10, 70, 30, 2), 'act_hidden': 'sigmoid', 'act_out': 'id', 'w_init': 'xavier', 'loss': 'mse', 'metric': 'mee', 'optimizer': {'type_init': 'sgd', 'ETA': 0.07500000000000001, 'ALPHA': 0.8, 'weight_regularizer': {'type_init': 'tikonov', 'LAMBDA': 5.625e-05}}, 'batch_size': 32, 'epochs': 500, 'input_size': 10}"
1.1630061036,0.0572282409,1.0244736427,"{'layer_sizes': (10, 70, 30, 2), 'act_hidden': 'sigmoid', 'act_out': 'id', 'w_init': 'xavier', 'loss': 'mse', 'metric': 'mee', 'optimizer': {'type_init': 'sgd', 'ETA': 0.05, 'ALPHA': 0.5, 'weight_regularizer': {'type_init': 'tikonov', 'LAMBDA': 7.5e-05}}, 'batch_size': 32, 'epochs': 500, 'input_size': 10}"
1.1631633631,0.0666888351,1.0171046835,"{'layer_sizes': (10, 70, 30, 2), 'act_hidden': 'sigmoid', 'act_out': 'id', 'w_init': 'xavier', 'loss': 'mse', 'metric': 'mee', 'optimizer': {'type_init': 'sgd', 'ETA': 0.08750000000000001, 'ALPHA': 0.5, 'weight_regularizer': {'type_init': 'tikonov', 'LAMBDA': 0.0}}, 'batch_size': 32, 'epochs': 500, 'input_size': 10}"
1.1636243669,0.0675437057,1.0228169276,"{'layer_sizes': (10, 70, 30, 2), 'act_hidden': 'sigmoid', 'act_out': 'id', 'w_init': 'xavier', 'loss': 'mse', 'metric': 'mee', 'optimizer': {'type_init': 'sgd', 'ETA': 0.05, 'ALPHA': 0.5, 'weight_regularizer': {'type_init': 'tikonov', 'LAMBDA': 5.625e-05}}, 'batch_size': 32, 'epochs': 500, 'input_size': 10}"
1.1666236318,0.1262445103,1.6203846698,"{'layer_sizes': (10, 70, 30, 2), 'act_hidden': 'sigmoid', 'act_out': 'id', 'w_init': 'xavier', 'loss': 'mse', 'metric': 'mee', 'optimizer': {'type_init': 'sgd', 'ETA': 0.05, 'ALPHA': 0.6, 'weight_regularizer': {'type_init': 'tikonov', 'LAMBDA': 0.0}}, 'batch_size': 32, 'epochs': 500, 'input_size': 10}"
1.1676497456,0.1083027489,1.0062395162,"{'layer_sizes': (10, 70, 30, 2), 'act_hidden': 'sigmoid', 'act_out': 'id', 'w_init': 'xavier', 'loss': 'mse', 'metric': 'mee', 'optimizer': {'type_init': 'sgd', 'ETA': 0.05, 'ALPHA': 0.8, 'weight_regularizer': {'type_init': 'tikonov', 'LAMBDA': 3.75e-05}}, 'batch_size': 32, 'epochs': 500, 'input_size': 10}"
1.1702282147,0.1020741572,1.0221970748,"{'layer_sizes': (10, 70, 30, 2), 'act_hidden': 'sigmoid', 'act_out': 'id', 'w_init': 'xavier', 'loss': 'mse', 'metric': 'mee', 'optimizer': {'type_init': 'sgd', 'ETA': 0.0625, 'ALPHA': 0.5, 'weight_regularizer': {'type_init': 'tikonov', 'LAMBDA': 7.5e-05}}, 'batch_size': 32, 'epochs': 500, 'input_size': 10}"
1.1745353723,0.1003315042,1.0283249416,"{'layer_sizes': (10, 70, 30, 2), 'act_hidden': 'sigmoid', 'act_out': 'id', 'w_init': 'xavier', 'loss': 'mse', 'metric': 'mee', 'optimizer': {'type_init': 'sgd', 'ETA': 0.08750000000000001, 'ALPHA': 0.5, 'weight_regularizer': {'type_init': 'tikonov', 'LAMBDA': 5.625e-05}}, 'batch_size': 32, 'epochs': 500, 'input_size': 10}"
1.175603846,0.0827060099,1.0096690056,"{'layer_sizes': (10, 70, 30, 2), 'act_hidden': 'sigmoid', 'act_out': 'id', 'w_init': 'xavier', 'loss': 'mse', 'metric': 'mee', 'optimizer': {'type_init': 'sgd', 'ETA': 0.08750000000000001, 'ALPHA': 0.6, 'weight_regularizer': {'type_init': 'tikonov', 'LAMBDA': 1.875e-05}}, 'batch_size': 32, 'epochs': 500, 'input_size': 10}"
1.1780311046,0.1261967804,1.004743129,"{'layer_sizes': (10, 70, 30, 2), 'act_hidden': 'sigmoid', 'act_out': 'id', 'w_init': 'xavier', 'loss': 'mse', 'metric': 'mee', 'optimizer': {'type_init': 'sgd', 'ETA': 0.08750000000000001, 'ALPHA': 0.6, 'weight_regularizer': {'type_init': 'tikonov', 'LAMBDA': 5.625e-05}}, 'batch_size': 32, 'epochs': 500, 'input_size': 10}"
1.1785295943,0.1047729759,1.0320347456,"{'layer_sizes': (10, 70, 30, 2), 'act_hidden': 'sigmoid', 'act_out': 'id', 'w_init': 'xavier', 'loss': 'mse', 'metric': 'mee', 'optimizer': {'type_init': 'sgd', 'ETA': 0.05, 'ALPHA': 0.5, 'weight_regularizer': {'type_init': 'tikonov', 'LAMBDA': 0.0}}, 'batch_size': 32, 'epochs': 500, 'input_size': 10}"
1.1804813857,0.1044657353,1.0377233015,"{'layer_sizes': (10, 70, 30, 2), 'act_hidden': 'sigmoid', 'act_out': 'id', 'w_init': 'xavier', 'loss': 'mse', 'metric': 'mee', 'optimizer': {'type_init': 'sgd', 'ETA': 0.0625, 'ALPHA': 0.7, 'weight_regularizer': {'type_init': 'tikonov', 'LAMBDA': 7.5e-05}}, 'batch_size': 32, 'epochs': 500, 'input_size': 10}"
1.1809392566,0.075048397,1.0086332694,"{'layer_sizes': (10, 70, 30, 2), 'act_hidden': 'sigmoid', 'act_out': 'id', 'w_init': 'xavier', 'loss': 'mse', 'metric': 'mee', 'optimizer': {'type_init': 'sgd', 'ETA': 0.07500000000000001, 'ALPHA': 0.7, 'weight_regularizer': {'type_init': 'tikonov', 'LAMBDA': 0.0}}, 'batch_size': 32, 'epochs': 500, 'input_size': 10}"
1.1832174486,0.1210276157,1.074351308,"{'layer_sizes': (10, 70, 30, 2), 'act_hidden': 'sigmoid', 'act_out': 'id', 'w_init': 'xavier', 'loss': 'mse', 'metric': 'mee', 'optimizer': {'type_init': 'sgd', 'ETA': 0.08750000000000001, 'ALPHA': 0.5, 'weight_regularizer': {'type_init': 'tikonov', 'LAMBDA': 7.5e-05}}, 'batch_size': 32, 'epochs': 500, 'input_size': 10}"
1.1842807979,0.0484476998,1.0403719155,"{'layer_sizes': (10, 70, 30, 2), 'act_hidden': 'sigmoid', 'act_out': 'id', 'w_init': 'xavier', 'loss': 'mse', 'metric': 'mee', 'optimizer': {'type_init': 'sgd', 'ETA': 0.05, 'ALPHA': 0.6, 'weight_regularizer': {'type_init': 'tikonov', 'LAMBDA': 5.625e-05}}, 'batch_size': 32, 'epochs': 500, 'input_size': 10}"
1.1889631678,0.0847861282,1.031958749,"{'layer_sizes': (10, 70, 30, 2), 'act_hidden': 'sigmoid', 'act_out': 'id', 'w_init': 'xavier', 'loss': 'mse', 'metric': 'mee', 'optimizer': {'type_init': 'sgd', 'ETA': 0.05, 'ALPHA': 0.7, 'weight_regularizer': {'type_init': 'tikonov', 'LAMBDA': 7.5e-05}}, 'batch_size': 32, 'epochs': 500, 'input_size': 10}"
1.1984891389,0.1068844637,0.9703811002,"{'layer_sizes': (10, 70, 30, 2), 'act_hidden': 'sigmoid', 'act_out': 'id', 'w_init': 'xavier', 'loss': 'mse', 'metric': 'mee', 'optimizer': {'type_init': 'sgd', 'ETA': 0.07500000000000001, 'ALPHA': 0.8, 'weight_regularizer': {'type_init': 'tikonov', 'LAMBDA': 0.0}}, 'batch_size': 32, 'epochs': 500, 'input_size': 10}"
1.199592435,0.1005656303,1.1815184018,"{'layer_sizes': (10, 70, 30, 2), 'act_hidden': 'sigmoid', 'act_out': 'id', 'w_init': 'xavier', 'loss': 'mse', 'metric': 'mee', 'optimizer': {'type_init': 'sgd', 'ETA': 0.0625, 'ALPHA': 0.6, 'weight_regularizer': {'type_init': 'tikonov', 'LAMBDA': 0.0}}, 'batch_size': 32, 'epochs': 500, 'input_size': 10}"
1.2084663407,0.0936917825,1.0519126896,"{'layer_sizes': (10, 70, 30, 2), 'act_hidden': 'sigmoid', 'act_out': 'id', 'w_init': 'xavier', 'loss': 'mse', 'metric': 'mee', 'optimizer': {'type_init': 'sgd', 'ETA': 0.08750000000000001, 'ALPHA': 0.5, 'weight_regularizer': {'type_init': 'tikonov', 'LAMBDA': 3.75e-05}}, 'batch_size': 32, 'epochs': 500, 'input_size': 10}"
1.2157895526,0.0594344885,1.0748660091,"{'layer_sizes': (10, 70, 30, 2), 'act_hidden': 'sigmoid', 'act_out': 'id', 'w_init': 'xavier', 'loss': 'mse', 'metric': 'mee', 'optimizer': {'type_init': 'sgd', 'ETA': 0.07500000000000001, 'ALPHA': 0.8, 'weight_regularizer': {'type_init': 'tikonov', 'LAMBDA': 3.75e-05}}, 'batch_size': 32, 'epochs': 500, 'input_size': 10}"
1.22644182,0.158806854,1.0132683125,"{'layer_sizes': (10, 70, 30, 2), 'act_hidden': 'sigmoid', 'act_out': 'id', 'w_init': 'xavier', 'loss': 'mse', 'metric': 'mee', 'optimizer': {'type_init': 'sgd', 'ETA': 0.08750000000000001, 'ALPHA': 0.8, 'weight_regularizer': {'type_init': 'tikonov', 'LAMBDA': 3.75e-05}}, 'batch_size': 32, 'epochs': 500, 'input_size': 10}"
1.226709685,0.0739751464,1.0524673234,"{'layer_sizes': (10, 70, 30, 2), 'act_hidden': 'sigmoid', 'act_out': 'id', 'w_init': 'xavier', 'loss': 'mse', 'metric': 'mee', 'optimizer': {'type_init': 'sgd', 'ETA': 0.07500000000000001, 'ALPHA': 0.7, 'weight_regularizer': {'type_init': 'tikonov', 'LAMBDA': 3.75e-05}}, 'batch_size': 32, 'epochs': 500, 'input_size': 10}"
1.2458476252,0.2350635651,0.9345575575,"{'layer_sizes': (10, 70, 30, 2), 'act_hidden': 'sigmoid', 'act_out': 'id', 'w_init': 'xavier', 'loss': 'mse', 'metric': 'mee', 'optimizer': {'type_init': 'sgd', 'ETA': 0.0625, 'ALPHA': 0.9, 'weight_regularizer': {'type_init': 'tikonov', 'LAMBDA': 7.5e-05}}, 'batch_size': 32, 'epochs': 500, 'input_size': 10}"
1.4583183257,0.676905622,1.6510724134,"{'layer_sizes': (10, 70, 30, 2), 'act_hidden': 'sigmoid', 'act_out': 'id', 'w_init': 'xavier', 'loss': 'mse', 'metric': 'mee', 'optimizer': {'type_init': 'sgd', 'ETA': 0.05, 'ALPHA': 0.9, 'weight_regularizer': {'type_init': 'tikonov', 'LAMBDA': 7.5e-05}}, 'batch_size': 32, 'epochs': 500, 'input_size': 10}"
1.4584580011,0.5874998061,1.7104861534,"{'layer_sizes': (10, 70, 30, 2), 'act_hidden': 'sigmoid', 'act_out': 'id', 'w_init': 'xavier', 'loss': 'mse', 'metric': 'mee', 'optimizer': {'type_init': 'sgd', 'ETA': 0.0625, 'ALPHA': 0.8, 'weight_regularizer': {'type_init': 'tikonov', 'LAMBDA': 5.625e-05}}, 'batch_size': 32, 'epochs': 500, 'input_size': 10}"
1.4826676027,0.629505279,1.6907625843,"{'layer_sizes': (10, 70, 30, 2), 'act_hidden': 'sigmoid', 'act_out': 'id', 'w_init': 'xavier', 'loss': 'mse', 'metric': 'mee', 'optimizer': {'type_init': 'sgd', 'ETA': 0.0625, 'ALPHA': 0.9, 'weight_regularizer': {'type_init': 'tikonov', 'LAMBDA': 0.0}}, 'batch_size': 32, 'epochs': 500, 'input_size': 10}"
1.5050747998,0.6589568103,1.6652354712,"{'layer_sizes': (10, 70, 30, 2), 'act_hidden': 'sigmoid', 'act_out': 'id', 'w_init': 'xavier', 'loss': 'mse', 'metric': 'mee', 'optimizer': {'type_init': 'sgd', 'ETA': 0.07500000000000001, 'ALPHA': 0.9, 'weight_regularizer': {'type_init': 'tikonov', 'LAMBDA': 0.0}}, 'batch_size': 32, 'epochs': 500, 'input_size': 10}"
1.5379665602,0.8209977698,1.9008543176,"{'layer_sizes': (10, 70, 30, 2), 'act_hidden': 'sigmoid', 'act_out': 'id', 'w_init': 'xavier', 'loss': 'mse', 'metric': 'mee', 'optimizer': {'type_init': 'sgd', 'ETA': 0.05, 'ALPHA': 0.9, 'weight_regularizer': {'type_init': 'tikonov', 'LAMBDA': 1.875e-05}}, 'batch_size': 32, 'epochs': 500, 'input_size': 10}"
1.5629530541,0.8434471876,1.9467582629,"{'layer_sizes': (10, 70, 30, 2), 'act_hidden': 'sigmoid', 'act_out': 'id', 'w_init': 'xavier', 'loss': 'mse', 'metric': 'mee', 'optimizer': {'type_init': 'sgd', 'ETA': 0.08750000000000001, 'ALPHA': 0.6, 'weight_regularizer': {'type_init': 'tikonov', 'LAMBDA': 3.75e-05}}, 'batch_size': 32, 'epochs': 500, 'input_size': 10}"
1.633525859,1.0595039587,1.9840310698,"{'layer_sizes': (10, 70, 30, 2), 'act_hidden': 'sigmoid', 'act_out': 'id', 'w_init': 'xavier', 'loss': 'mse', 'metric': 'mee', 'optimizer': {'type_init': 'sgd', 'ETA': 0.07500000000000001, 'ALPHA': 0.8, 'weight_regularizer': {'type_init': 'tikonov', 'LAMBDA': 7.5e-05}}, 'batch_size': 32, 'epochs': 500, 'input_size': 10}"
1.7230997844,1.0806873611,2.1878299235,"{'layer_sizes': (10, 70, 30, 2), 'act_hidden': 'sigmoid', 'act_out': 'id', 'w_init': 'xavier', 'loss': 'mse', 'metric': 'mee', 'optimizer': {'type_init': 'sgd', 'ETA': 0.07500000000000001, 'ALPHA': 0.7, 'weight_regularizer': {'type_init': 'tikonov', 'LAMBDA': 5.625e-05}}, 'batch_size': 32, 'epochs': 500, 'input_size': 10}"
1.777288859,1.1263182526,2.755693687,"{'layer_sizes': (10, 70, 30, 2), 'act_hidden': 'sigmoid', 'act_out': 'id', 'w_init': 'xavier', 'loss': 'mse', 'metric': 'mee', 'optimizer': {'type_init': 'sgd', 'ETA': 0.07500000000000001, 'ALPHA': 0.9, 'weight_regularizer': {'type_init': 'tikonov', 'LAMBDA': 7.5e-05}}, 'batch_size': 32, 'epochs': 500, 'input_size': 10}"
1.7804594575,0.7780570921,2.53318097,"{'layer_sizes': (10, 70, 30, 2), 'act_hidden': 'sigmoid', 'act_out': 'id', 'w_init': 'xavier', 'loss': 'mse', 'metric': 'mee', 'optimizer': {'type_init': 'sgd', 'ETA': 0.0625, 'ALPHA': 0.9, 'weight_regularizer': {'type_init': 'tikonov', 'LAMBDA': 3.75e-05}}, 'batch_size': 32, 'epochs': 500, 'input_size': 10}"
1.8396529427,0.7996753691,2.4521130772,"{'layer_sizes': (10, 70, 30, 2), 'act_hidden': 'sigmoid', 'act_out': 'id', 'w_init': 'xavier', 'loss': 'mse', 'metric': 'mee', 'optimizer': {'type_init': 'sgd', 'ETA': 0.07500000000000001, 'ALPHA': 0.9, 'weight_regularizer': {'type_init': 'tikonov', 'LAMBDA': 5.625e-05}}, 'batch_size': 32, 'epochs': 500, 'input_size': 10}"
1.854185656,0.8600279093,2.6279048626,"{'layer_sizes': (10, 70, 30, 2), 'act_hidden': 'sigmoid', 'act_out': 'id', 'w_init': 'xavier', 'loss': 'mse', 'metric': 'mee', 'optimizer': {'type_init': 'sgd', 'ETA': 0.05, 'ALPHA': 0.9, 'weight_regularizer': {'type_init': 'tikonov', 'LAMBDA': 5.625e-05}}, 'batch_size': 32, 'epochs': 500, 'input_size': 10}"
2.3314478451,2.369693973,6.950992944,"{'layer_sizes': (10, 70, 30, 2), 'act_hidden': 'sigmoid', 'act_out': 'id', 'w_init': 'xavier', 'loss': 'mse', 'metric': 'mee', 'optimizer': {'type_init': 'sgd', 'ETA': 0.07500000000000001, 'ALPHA': 0.9, 'weight_regularizer': {'type_init': 'tikonov', 'LAMBDA': 1.875e-05}}, 'batch_size': 32, 'epochs': 500, 'input_size': 10}"
2.3351329699,2.4605383412,6.8547627156,"{'layer_sizes': (10, 70, 30, 2), 'act_hidden': 'sigmoid', 'act_out': 'id', 'w_init': 'xavier', 'loss': 'mse', 'metric': 'mee', 'optimizer': {'type_init': 'sgd', 'ETA': 0.0625, 'ALPHA': 0.9, 'weight_regularizer': {'type_init': 'tikonov', 'LAMBDA': 5.625e-05}}, 'batch_size': 32, 'epochs': 500, 'input_size': 10}"
2.3409822534,1.1024581636,4.2137850976,"{'layer_sizes': (10, 70, 30, 2), 'act_hidden': 'sigmoid', 'act_out': 'id', 'w_init': 'xavier', 'loss': 'mse', 'metric': 'mee', 'optimizer': {'type_init': 'sgd', 'ETA': 0.05, 'ALPHA': 0.9, 'weight_regularizer': {'type_init': 'tikonov', 'LAMBDA': 3.75e-05}}, 'batch_size': 32, 'epochs': 500, 'input_size': 10}"
2.348583634,2.4929299032,6.8726327431,"{'layer_sizes': (10, 70, 30, 2), 'act_hidden': 'sigmoid', 'act_out': 'id', 'w_init': 'xavier', 'loss': 'mse', 'metric': 'mee', 'optimizer': {'type_init': 'sgd', 'ETA': 0.0625, 'ALPHA': 0.7, 'weight_regularizer': {'type_init': 'tikonov', 'LAMBDA': 0.0}}, 'batch_size': 32, 'epochs': 500, 'input_size': 10}"
2.3928707516,2.4409539123,6.8739470267,"{'layer_sizes': (10, 70, 30, 2), 'act_hidden': 'sigmoid', 'act_out': 'id', 'w_init': 'xavier', 'loss': 'mse', 'metric': 'mee', 'optimizer': {'type_init': 'sgd', 'ETA': 0.08750000000000001, 'ALPHA': 0.7, 'weight_regularizer': {'type_init': 'tikonov', 'LAMBDA': 5.625e-05}}, 'batch_size': 32, 'epochs': 500, 'input_size': 10}"
2.421289126,2.4574013227,7.0195462783,"{'layer_sizes': (10, 70, 30, 2), 'act_hidden': 'sigmoid', 'act_out': 'id', 'w_init': 'xavier', 'loss': 'mse', 'metric': 'mee', 'optimizer': {'type_init': 'sgd', 'ETA': 0.08750000000000001, 'ALPHA': 0.8, 'weight_regularizer': {'type_init': 'tikonov', 'LAMBDA': 0.0}}, 'batch_size': 32, 'epochs': 500, 'input_size': 10}"
2.4738178058,2.4076095693,6.9401338378,"{'layer_sizes': (10, 70, 30, 2), 'act_hidden': 'sigmoid', 'act_out': 'id', 'w_init': 'xavier', 'loss': 'mse', 'metric': 'mee', 'optimizer': {'type_init': 'sgd', 'ETA': 0.08750000000000001, 'ALPHA': 0.8, 'weight_regularizer': {'type_init': 'tikonov', 'LAMBDA': 7.5e-05}}, 'batch_size': 32, 'epochs': 500, 'input_size': 10}"
2.4908097683,2.4030815958,7.0477737998,"{'layer_sizes': (10, 70, 30, 2), 'act_hidden': 'sigmoid', 'act_out': 'id', 'w_init': 'xavier', 'loss': 'mse', 'metric': 'mee', 'optimizer': {'type_init': 'sgd', 'ETA': 0.08750000000000001, 'ALPHA': 0.7, 'weight_regularizer': {'type_init': 'tikonov', 'LAMBDA': 1.875e-05}}, 'batch_size': 32, 'epochs': 500, 'input_size': 10}"
2.5506516132,2.4022676273,7.0995002449,"{'layer_sizes': (10, 70, 30, 2), 'act_hidden': 'sigmoid', 'act_out': 'id', 'w_init': 'xavier', 'loss': 'mse', 'metric': 'mee', 'optimizer': {'type_init': 'sgd', 'ETA': 0.08750000000000001, 'ALPHA': 0.6, 'weight_regularizer': {'type_init': 'tikonov', 'LAMBDA': 0.0}}, 'batch_size': 32, 'epochs': 500, 'input_size': 10}"
2.7122486676,2.3068983688,7.8253460627,"{'layer_sizes': (10, 70, 30, 2), 'act_hidden': 'sigmoid', 'act_out': 'id', 'w_init': 'xavier', 'loss': 'mse', 'metric': 'mee', 'optimizer': {'type_init': 'sgd', 'ETA': 0.05, 'ALPHA': 0.9, 'weight_regularizer': {'type_init': 'tikonov', 'LAMBDA': 0.0}}, 'batch_size': 32, 'epochs': 500, 'input_size': 10}"
2.8083438089,2.3947739215,7.8141737036,"{'layer_sizes': (10, 70, 30, 2), 'act_hidden': 'sigmoid', 'act_out': 'id', 'w_init': 'xavier', 'loss': 'mse', 'metric': 'mee', 'optimizer': {'type_init': 'sgd', 'ETA': 0.07500000000000001, 'ALPHA': 0.9, 'weight_regularizer': {'type_init': 'tikonov', 'LAMBDA': 3.75e-05}}, 'batch_size': 32, 'epochs': 500, 'input_size': 10}"
2.9130402325,2.3398057649,8.0143585599,"{'layer_sizes': (10, 70, 30, 2), 'act_hidden': 'sigmoid', 'act_out': 'id', 'w_init': 'xavier', 'loss': 'mse', 'metric': 'mee', 'optimizer': {'type_init': 'sgd', 'ETA': 0.08750000000000001, 'ALPHA': 0.6, 'weight_regularizer': {'type_init': 'tikonov', 'LAMBDA': 7.5e-05}}, 'batch_size': 32, 'epochs': 500, 'input_size': 10}"
2.9562427313,2.1755428515,8.4663481111,"{'layer_sizes': (10, 70, 30, 2), 'act_hidden': 'sigmoid', 'act_out': 'id', 'w_init': 'xavier', 'loss': 'mse', 'metric': 'mee', 'optimizer': {'type_init': 'sgd', 'ETA': 0.0625, 'ALPHA': 0.9, 'weight_regularizer': {'type_init': 'tikonov', 'LAMBDA': 1.875e-05}}, 'batch_size': 32, 'epochs': 500, 'input_size': 10}"
3.0769708757,2.3610346677,7.3347693216,"{'layer_sizes': (10, 70, 30, 2), 'act_hidden': 'sigmoid', 'act_out': 'id', 'w_init': 'xavier', 'loss': 'mse', 'metric': 'mee', 'optimizer': {'type_init': 'sgd', 'ETA': 0.1, 'ALPHA': 0.5, 'weight_regularizer': {'type_init': 'tikonov', 'LAMBDA': 7.5e-05}}, 'batch_size': 32, 'epochs': 500, 'input_size': 10}"
3.3347898861,2.2195180707,10.301818228,"{'layer_sizes': (10, 70, 30, 2), 'act_hidden': 'sigmoid', 'act_out': 'id', 'w_init': 'xavier', 'loss': 'mse', 'metric': 'mee', 'optimizer': {'type_init': 'sgd', 'ETA': 0.08750000000000001, 'ALPHA': 0.9, 'weight_regularizer': {'type_init': 'tikonov', 'LAMBDA': 1.875e-05}}, 'batch_size': 32, 'epochs': 500, 'input_size': 10}"
3.5651781477,2.9453812645,12.903227929,"{'layer_sizes': (10, 70, 30, 2), 'act_hidden': 'sigmoid', 'act_out': 'id', 'w_init': 'xavier', 'loss': 'mse', 'metric': 'mee', 'optimizer': {'type_init': 'sgd', 'ETA': 0.08750000000000001, 'ALPHA': 0.7, 'weight_regularizer': {'type_init': 'tikonov', 'LAMBDA': 3.75e-05}}, 'batch_size': 32, 'epochs': 500, 'input_size': 10}"
3.5742410731,2.9302790169,13.0396881948,"{'layer_sizes': (10, 70, 30, 2), 'act_hidden': 'sigmoid', 'act_out': 'id', 'w_init': 'xavier', 'loss': 'mse', 'metric': 'mee', 'optimizer': {'type_init': 'sgd', 'ETA': 0.1, 'ALPHA': 0.6, 'weight_regularizer': {'type_init': 'tikonov', 'LAMBDA': 7.5e-05}}, 'batch_size': 32, 'epochs': 500, 'input_size': 10}"
3.6357698348,2.9929365368,12.8301351139,"{'layer_sizes': (10, 70, 30, 2), 'act_hidden': 'sigmoid', 'act_out': 'id', 'w_init': 'xavier', 'loss': 'mse', 'metric': 'mee', 'optimizer': {'type_init': 'sgd', 'ETA': 0.08750000000000001, 'ALPHA': 0.5, 'weight_regularizer': {'type_init': 'tikonov', 'LAMBDA': 1.875e-05}}, 'batch_size': 32, 'epochs': 500, 'input_size': 10}"
3.6394679412,3.0394250692,8.872513416,"{'layer_sizes': (10, 70, 30, 2), 'act_hidden': 'sigmoid', 'act_out': 'id', 'w_init': 'xavier', 'loss': 'mse', 'metric': 'mee', 'optimizer': {'type_init': 'sgd', 'ETA': 0.08750000000000001, 'ALPHA': 0.7, 'weight_regularizer': {'type_init': 'tikonov', 'LAMBDA': 7.5e-05}}, 'batch_size': 32, 'epochs': 500, 'input_size': 10}"
3.6527931167,2.1574644391,9.8450436705,"{'layer_sizes': (10, 70, 30, 2), 'act_hidden': 'sigmoid', 'act_out': 'id', 'w_init': 'xavier', 'loss': 'mse', 'metric': 'mee', 'optimizer': {'type_init': 'sgd', 'ETA': 0.1, 'ALPHA': 0.5, 'weight_regularizer': {'type_init': 'tikonov', 'LAMBDA': 1.875e-05}}, 'batch_size': 32, 'epochs': 500, 'input_size': 10}"
3.6548411571,2.8660057092,13.2715084592,"{'layer_sizes': (10, 70, 30, 2), 'act_hidden': 'sigmoid', 'act_out': 'id', 'w_init': 'xavier', 'loss': 'mse', 'metric': 'mee', 'optimizer': {'type_init': 'sgd', 'ETA': 0.1, 'ALPHA': 0.5, 'weight_regularizer': {'type_init': 'tikonov', 'LAMBDA': 3.75e-05}}, 'batch_size': 32, 'epochs': 500, 'input_size': 10}"
3.6717157806,2.9636722088,12.8621548712,"{'layer_sizes': (10, 70, 30, 2), 'act_hidden': 'sigmoid', 'act_out': 'id', 'w_init': 'xavier', 'loss': 'mse', 'metric': 'mee', 'optimizer': {'type_init': 'sgd', 'ETA': 0.1, 'ALPHA': 0.5, 'weight_regularizer': {'type_init': 'tikonov', 'LAMBDA': 5.625e-05}}, 'batch_size': 32, 'epochs': 500, 'input_size': 10}"
3.6805639049,2.983688732,12.9204222441,"{'layer_sizes': (10, 70, 30, 2), 'act_hidden': 'sigmoid', 'act_out': 'id', 'w_init': 'xavier', 'loss': 'mse', 'metric': 'mee', 'optimizer': {'type_init': 'sgd', 'ETA': 0.08750000000000001, 'ALPHA': 0.8, 'weight_regularizer': {'type_init': 'tikonov', 'LAMBDA': 5.625e-05}}, 'batch_size': 32, 'epochs': 500, 'input_size': 10}"
3.712027808,2.2081961168,10.1517318541,"{'layer_sizes': (10, 70, 30, 2), 'act_hidden': 'sigmoid', 'act_out': 'id', 'w_init': 'xavier', 'loss': 'mse', 'metric': 'mee', 'optimizer': {'type_init': 'sgd', 'ETA': 0.1, 'ALPHA': 0.5, 'weight_regularizer': {'type_init': 'tikonov', 'LAMBDA': 0.0}}, 'batch_size': 32, 'epochs': 500, 'input_size': 10}"
3.775643399,2.7729674641,13.5914737063,"{'layer_sizes': (10, 70, 30, 2), 'act_hidden': 'sigmoid', 'act_out': 'id', 'w_init': 'xavier', 'loss': 'mse', 'metric': 'mee', 'optimizer': {'type_init': 'sgd', 'ETA': 0.1, 'ALPHA': 0.6, 'weight_regularizer': {'type_init': 'tikonov', 'LAMBDA': 0.0}}, 'batch_size': 32, 'epochs': 500, 'input_size': 10}"
3.7970493305,2.7828388033,13.586223006,"{'layer_sizes': (10, 70, 30, 2), 'act_hidden': 'sigmoid', 'act_out': 'id', 'w_init': 'xavier', 'loss': 'mse', 'metric': 'mee', 'optimizer': {'type_init': 'sgd', 'ETA': 0.1, 'ALPHA': 0.6, 'weight_regularizer': {'type_init': 'tikonov', 'LAMBDA': 5.625e-05}}, 'batch_size': 32, 'epochs': 500, 'input_size': 10}"
3.8374215331,2.7339066846,13.7032461872,"{'layer_sizes': (10, 70, 30, 2), 'act_hidden': 'sigmoid', 'act_out': 'id', 'w_init': 'xavier', 'loss': 'mse', 'metric': 'mee', 'optimizer': {'type_init': 'sgd', 'ETA': 0.1, 'ALPHA': 0.6, 'weight_regularizer': {'type_init': 'tikonov', 'LAMBDA': 1.875e-05}}, 'batch_size': 32, 'epochs': 500, 'input_size': 10}"
4.0338247183,2.7064476432,14.5648770566,"{'layer_sizes': (10, 70, 30, 2), 'act_hidden': 'sigmoid', 'act_out': 'id', 'w_init': 'xavier', 'loss': 'mse', 'metric': 'mee', 'optimizer': {'type_init': 'sgd', 'ETA': 0.08750000000000001, 'ALPHA': 0.8, 'weight_regularizer': {'type_init': 'tikonov', 'LAMBDA': 1.875e-05}}, 'batch_size': 32, 'epochs': 500, 'input_size': 10}"
4.251956254,2.7030857439,14.6378407552,"{'layer_sizes': (10, 70, 30, 2), 'act_hidden': 'sigmoid', 'act_out': 'id', 'w_init': 'xavier', 'loss': 'mse', 'metric': 'mee', 'optimizer': {'type_init': 'sgd', 'ETA': 0.08750000000000001, 'ALPHA': 0.9, 'weight_regularizer': {'type_init': 'tikonov', 'LAMBDA': 5.625e-05}}, 'batch_size': 32, 'epochs': 500, 'input_size': 10}"
4.8432269576,2.9168572275,18.8967071522,"{'layer_sizes': (10, 70, 30, 2), 'act_hidden': 'sigmoid', 'act_out': 'id', 'w_init': 'xavier', 'loss': 'mse', 'metric': 'mee', 'optimizer': {'type_init': 'sgd', 'ETA': 0.1, 'ALPHA': 0.7, 'weight_regularizer': {'type_init': 'tikonov', 'LAMBDA': 7.5e-05}}, 'batch_size': 32, 'epochs': 500, 'input_size': 10}"
4.8827466033,2.8660137664,19.0258846768,"{'layer_sizes': (10, 70, 30, 2), 'act_hidden': 'sigmoid', 'act_out': 'id', 'w_init': 'xavier', 'loss': 'mse', 'metric': 'mee', 'optimizer': {'type_init': 'sgd', 'ETA': 0.1, 'ALPHA': 0.7, 'weight_regularizer': {'type_init': 'tikonov', 'LAMBDA': 1.875e-05}}, 'batch_size': 32, 'epochs': 500, 'input_size': 10}"
4.9119439204,2.9319597279,18.8406922787,"{'layer_sizes': (10, 70, 30, 2), 'act_hidden': 'sigmoid', 'act_out': 'id', 'w_init': 'xavier', 'loss': 'mse', 'metric': 'mee', 'optimizer': {'type_init': 'sgd', 'ETA': 0.08750000000000001, 'ALPHA': 0.9, 'weight_regularizer': {'type_init': 'tikonov', 'LAMBDA': 0.0}}, 'batch_size': 32, 'epochs': 500, 'input_size': 10}"
4.9577251866,2.8531354722,19.0800347838,"{'layer_sizes': (10, 70, 30, 2), 'act_hidden': 'sigmoid', 'act_out': 'id', 'w_init': 'xavier', 'loss': 'mse', 'metric': 'mee', 'optimizer': {'type_init': 'sgd', 'ETA': 0.1, 'ALPHA': 0.7, 'weight_regularizer': {'type_init': 'tikonov', 'LAMBDA': 3.75e-05}}, 'batch_size': 32, 'epochs': 500, 'input_size': 10}"
4.9942605131,2.8148138721,19.0594118223,"{'layer_sizes': (10, 70, 30, 2), 'act_hidden': 'sigmoid', 'act_out': 'id', 'w_init': 'xavier', 'loss': 'mse', 'metric': 'mee', 'optimizer': {'type_init': 'sgd', 'ETA': 0.1, 'ALPHA': 0.8, 'weight_regularizer': {'type_init': 'tikonov', 'LAMBDA': 5.625e-05}}, 'batch_size': 32, 'epochs': 500, 'input_size': 10}"
5.1346151713,2.627405768,20.2995884765,"{'layer_sizes': (10, 70, 30, 2), 'act_hidden': 'sigmoid', 'act_out': 'id', 'w_init': 'xavier', 'loss': 'mse', 'metric': 'mee', 'optimizer': {'type_init': 'sgd', 'ETA': 0.08750000000000001, 'ALPHA': 0.9, 'weight_regularizer': {'type_init': 'tikonov', 'LAMBDA': 3.75e-05}}, 'batch_size': 32, 'epochs': 500, 'input_size': 10}"
5.4580075328,2.2545760988,20.5797734776,"{'layer_sizes': (10, 70, 30, 2), 'act_hidden': 'sigmoid', 'act_out': 'id', 'w_init': 'xavier', 'loss': 'mse', 'metric': 'mee', 'optimizer': {'type_init': 'sgd', 'ETA': 0.1, 'ALPHA': 0.8, 'weight_regularizer': {'type_init': 'tikonov', 'LAMBDA': 0.0}}, 'batch_size': 32, 'epochs': 500, 'input_size': 10}"
5.9459377366,1.6742858407,22.1560328846,"{'layer_sizes': (10, 70, 30, 2), 'act_hidden': 'sigmoid', 'act_out': 'id', 'w_init': 'xavier', 'loss': 'mse', 'metric': 'mee', 'optimizer': {'type_init': 'sgd', 'ETA': 0.08750000000000001, 'ALPHA': 0.9, 'weight_regularizer': {'type_init': 'tikonov', 'LAMBDA': 7.5e-05}}, 'batch_size': 32, 'epochs': 500, 'input_size': 10}"
6.0058058186,2.4548398649,24.7749941854,"{'layer_sizes': (10, 70, 30, 2), 'act_hidden': 'sigmoid', 'act_out': 'id', 'w_init': 'xavier', 'loss': 'mse', 'metric': 'mee', 'optimizer': {'type_init': 'sgd', 'ETA': 0.1, 'ALPHA': 0.9, 'weight_regularizer': {'type_init': 'tikonov', 'LAMBDA': 1.875e-05}}, 'batch_size': 32, 'epochs': 500, 'input_size': 10}"
6.0092379787,2.4758170227,24.7924172588,"{'layer_sizes': (10, 70, 30, 2), 'act_hidden': 'sigmoid', 'act_out': 'id', 'w_init': 'xavier', 'loss': 'mse', 'metric': 'mee', 'optimizer': {'type_init': 'sgd', 'ETA': 0.1, 'ALPHA': 0.9, 'weight_regularizer': {'type_init': 'tikonov', 'LAMBDA': 5.625e-05}}, 'batch_size': 32, 'epochs': 500, 'input_size': 10}"
6.0469808628,2.410238368,24.7736270903,"{'layer_sizes': (10, 70, 30, 2), 'act_hidden': 'sigmoid', 'act_out': 'id', 'w_init': 'xavier', 'loss': 'mse', 'metric': 'mee', 'optimizer': {'type_init': 'sgd', 'ETA': 0.1, 'ALPHA': 0.7, 'weight_regularizer': {'type_init': 'tikonov', 'LAMBDA': 5.625e-05}}, 'batch_size': 32, 'epochs': 500, 'input_size': 10}"
6.0718011193,2.451340508,24.6812661295,"{'layer_sizes': (10, 70, 30, 2), 'act_hidden': 'sigmoid', 'act_out': 'id', 'w_init': 'xavier', 'loss': 'mse', 'metric': 'mee', 'optimizer': {'type_init': 'sgd', 'ETA': 0.1, 'ALPHA': 0.8, 'weight_regularizer': {'type_init': 'tikonov', 'LAMBDA': 7.5e-05}}, 'batch_size': 32, 'epochs': 500, 'input_size': 10}"
6.0877217205,1.419363618,24.3212749862,"{'layer_sizes': (10, 70, 30, 2), 'act_hidden': 'sigmoid', 'act_out': 'id', 'w_init': 'xavier', 'loss': 'mse', 'metric': 'mee', 'optimizer': {'type_init': 'sgd', 'ETA': 0.1, 'ALPHA': 0.8, 'weight_regularizer': {'type_init': 'tikonov', 'LAMBDA': 1.875e-05}}, 'batch_size': 32, 'epochs': 500, 'input_size': 10}"
6.0942040965,2.3158709353,24.8335483814,"{'layer_sizes': (10, 70, 30, 2), 'act_hidden': 'sigmoid', 'act_out': 'id', 'w_init': 'xavier', 'loss': 'mse', 'metric': 'mee', 'optimizer': {'type_init': 'sgd', 'ETA': 0.1, 'ALPHA': 0.7, 'weight_regularizer': {'type_init': 'tikonov', 'LAMBDA': 0.0}}, 'batch_size': 32, 'epochs': 500, 'input_size': 10}"
6.5906529559,1.324480567,26.4178158116,"{'layer_sizes': (10, 70, 30, 2), 'act_hidden': 'sigmoid', 'act_out': 'id', 'w_init': 'xavier', 'loss': 'mse', 'metric': 'mee', 'optimizer': {'type_init': 'sgd', 'ETA': 0.1, 'ALPHA': 0.8, 'weight_regularizer': {'type_init': 'tikonov', 'LAMBDA': 3.75e-05}}, 'batch_size': 32, 'epochs': 500, 'input_size': 10}"
6.6079540459,1.2801430003,26.4904469801,"{'layer_sizes': (10, 70, 30, 2), 'act_hidden': 'sigmoid', 'act_out': 'id', 'w_init': 'xavier', 'loss': 'mse', 'metric': 'mee', 'optimizer': {'type_init': 'sgd', 'ETA': 0.1, 'ALPHA': 0.9, 'weight_regularizer': {'type_init': 'tikonov', 'LAMBDA': 3.75e-05}}, 'batch_size': 32, 'epochs': 500, 'input_size': 10}"
6.6235243583,1.2490233701,26.6679277198,"{'layer_sizes': (10, 70, 30, 2), 'act_hidden': 'sigmoid', 'act_out': 'id', 'w_init': 'xavier', 'loss': 'mse', 'metric': 'mee', 'optimizer': {'type_init': 'sgd', 'ETA': 0.1, 'ALPHA': 0.9, 'weight_regularizer': {'type_init': 'tikonov', 'LAMBDA': 7.5e-05}}, 'batch_size': 32, 'epochs': 500, 'input_size': 10}"
7.2516705035,0.0964555647,30.7204634243,"{'layer_sizes': (10, 70, 30, 2), 'act_hidden': 'sigmoid', 'act_out': 'id', 'w_init': 'xavier', 'loss': 'mse', 'metric': 'mee', 'optimizer': {'type_init': 'sgd', 'ETA': 0.1, 'ALPHA': 0.6, 'weight_regularizer': {'type_init': 'tikonov', 'LAMBDA': 3.75e-05}}, 'batch_size': 32, 'epochs': 500, 'input_size': 10}"
7.251685901,0.0964484349,30.7204634543,"{'layer_sizes': (10, 70, 30, 2), 'act_hidden': 'sigmoid', 'act_out': 'id', 'w_init': 'xavier', 'loss': 'mse', 'metric': 'mee', 'optimizer': {'type_init': 'sgd', 'ETA': 0.1, 'ALPHA': 0.9, 'weight_regularizer': {'type_init': 'tikonov', 'LAMBDA': 0.0}}, 'batch_size': 32, 'epochs': 500, 'input_size': 10}"
